55.949428,-3.192704,17348,"Edinburgh"
55.9757865,-3.1680197,2077,"Leith"
56.054591,-3.718683,1054,"Forth"
55.9501,-3.1882,1046,"High Street"
55.9498473,-3.183502,992,"Holyrood"
55.9515,-3.1793,512,"Canongate"
55.949616,-3.191541,467,"Tolbooth"
55.9523547,-3.1761031,416,"Canongate"
55.9583198,-3.1992422,413,"New Town"
55.9556726,-3.1824089,403,"Calton Hill"
55.9471293,-3.2002511,349,"Old Town"
55.8943342,-3.0713975,329,"Dalkeith"
55.948,-3.1927,293,"Cowgate"
55.9493396,-3.1905294,291,"St. Giles"
55.9526,-3.193,263,"Princes Street"
55.9599,-3.1951,253,"Scotland Street"
55.9468,-3.1914,250,"Greyfriars"
55.952639,-2.800838,245,"Haddington"
55.9487,-3.1876,244,"Cowgate"
56.058,-3.0198,237,"Firth of Forth"
55.9511,-3.2014,235,"Princes Street"
55.9804283,-3.1949192,230,"Newhaven"
55.952512,-3.173385,221,"Holyrood Palace"
55.976671,-3.585444,219,"Linlithgow"
55.949428,-3.192704,215,"Auld Reekie"
55.9464,-3.1999,208,"West Port"
55.9528635,-3.1145573,203,"Portobello"
55.9541541,-3.2090472,201,"Moray Place"
55.9274145,-3.2106492,178,"Morningside"
55.9546,-3.2002,171,"Queen Street"
55.949428,-3.192704,166,"Edinboro"
55.9518,-3.1985,166,"Princes Street"
55.943718,-3.154978,163,"Arthur's Seat"
55.833333,-3.083333,161,"Midlothian"
55.946734,-3.19771,161,"Grassmarket"
55.955002,-2.994515,159,"Prestonpans"
55.94194,-3.153004,157,"Arthur's Seat"
55.9738045,-3.1858283,157,"Lord Nelson"
55.9487741,-3.2001579,156,"Mons Meg"
55.9441043,-3.1618477,153,"Arthur's Seat"
55.949428,-3.192704,151,"Edinbrughe"
55.9493,-3.1936,151,"Lawnmarket"
55.9489,-3.1954,151,"Castle Hill"
55.9518,-3.1883,146,"North Bridge"
55.957963,-3.2094115,144,"Stockbridge"
55.9521,-3.2033,141,"Castle Street"
55.9561687,-3.1744939,140,"Calton"
55.9705707,-3.3065489,133,"Cramond"
55.8573318,-3.1674351,131,"Roslin"
55.9794536,-3.1711848,129,"Water of Leith"
55.951976,-3.175371,126,"Scottish Parliament"
55.942872,-3.048641,117,"Musselburgh"
55.947546,-3.196406,117,"Grassmarket"
55.949965,-3.187833,115,"Tron"
55.9528781,-3.2107041,115,"West End"
55.9446703,-3.2817379,114,"Corstorphine"
55.942952,-3.160079,114,"Arthur's Seat"
55.9493396,-3.1905294,114,"St. Giles's"
55.949428,-3.192704,112,"Embro"
55.94867,-3.200924,111,"Edinburgh Castle"
55.949755,-3.191029,106,"Luckenbooths"
55.9495655,-3.1914772,105,"Heart of Midlothian"
55.949965,-3.187833,105,"Tron Church"
55.948645,-3.200732,104,"Edinburgh Castle"
55.9453058,-3.1909968,101,"The Meadows"
55.9553,-3.2023,100,"Heriot Row"
55.9614308,-3.1873332,100,"Broughton"
55.9421202,-3.0538516,99,"Musselburgh"
55.947523,-2.786161,97,"Haddington"
55.946807,-3.170443,97,"Salisbury Crags"
55.950135,-3.200252,97,"North Loch"
55.8967238,-3.3009555,95,"Blinkbonny"
55.9493396,-3.1905294,89,"St Giles"
55.94885,-3.191642,88,"Advocates' Library"
55.9443862,-3.2187438,87,"Haymarket"
55.9785756,-3.2250203,85,"Granton"
55.9522329,-3.2070063,84,"Charlotte Square"
55.951727,-3.191506,83,"Waverley Station"
55.9440662,-3.1371653,83,"Duddingston"
55.950621,-3.184278,82,"Netherbow"
55.942677,-3.188891,82,"University of Edinburgh"
55.947819,-3.196094,81,"West Bow"
55.9493396,-3.1905294,81,"St. Giles'"
55.9589954,-3.1970753,80,"Cumberland Bar"
55.9393149,-3.1808547,77,"Newington"
55.9366176,-3.2073772,77,"Bruntsfield"
55.9493396,-3.1905294,75,"St Giles's"
55.9613749,-3.1476473,74,"Restalrig"
55.94757,-3.181851,73,"University of Edinburgh"
55.976389,-3.607228,72,"Linlithgow"
55.9559,-3.2059,70,"India Street"
55.9576,-3.1995,70,"Dundas Street"
55.9444904,-3.2035205,69,"Tollcross"
55.9578,-3.1996,69,"Great King Street"
55.9497435,-3.2019502,68,"Princes Street Gardens"
55.9487,-3.1868,67,"South Bridge"
55.9515,-3.1664,67,"Queen's Drive"
55.961534,-3.180819,67,"Leith Walk"
55.872455,-3.184187,64,"Pentland"
55.882923,-3.177727,63,"Pentland"
55.9462,-3.2172,62,"Haymarket"
55.94739,-3.181893,61,"University of Edinburgh"
55.9474,-3.196,61,"Grassmarket"
55.956506,-2.786343,60,"Haddington"
55.97748,-3.585477,60,"Linlithgow"
55.9680589,-3.1817222,59,"Pilrig"
55.949428,-3.192704,59,"Edina"
55.908095,-3.253874,57,"Colinton"
55.9385275,-3.1736702,57,"South Side"
55.96,-3.2007,57,"Dundas Street"
55.958565,-3.195176,56,"Drummond Place"
55.9484448,-3.0895401,56,"Joppa"
55.8274348,-3.2212058,56,"Penicuik"
55.9358753,-3.2171502,55,"Merchiston"
55.9475,-3.2061,55,"Lothian Road"
55.83847,-2.959602,54,"Crichton"
55.9181217,-3.3189497,53,"Hermiston"
55.9526388,-3.1941058,53,"Jenners"
55.9457,-3.1815,53,"Pleasance"
55.944379,-3.17069,52,"Salisbury Crags"
55.949428,-3.192704,52,"Edinburg"
55.950621,-3.184278,52,"Nether Bow"
55.949127,-3.19085,52,"Parliament Square"
56.001808,-2.51397,50,"Assembly Rooms"
55.9489,-3.1954,49,"Castlehill"
55.8834098,-3.1141952,48,"Lasswade"
55.863625,-3.167939,47,"Roslin"
55.88295,-3.118962,47,"Lasswade"
56.076542,-2.640983,47,"Bass Rock"
55.935359,-3.032894,47,"Inveresk"
55.9385275,-3.1736702,46,"Southside"
55.9533,-3.1115,45,"Regent Street"
55.950135,-3.200252,45,"Nor' Loch"
55.949616,-3.191541,44,"Old Tolbooth"
55.9582,-3.195,44,"Drummond Place"
55.9458711,-3.1740706,44,"Salisbury Crags"
55.9337616,-3.1381701,44,"Craigmillar"
55.9409752,-3.1985839,43,"Bruntsfield Links"
55.8956657,-3.2181884,43,"Swanston"
55.9357079,-3.1994664,43,"Marchmont"
55.9497277,-3.179842,43,"Moray House"
55.943878,-3.190096,43,"George Square"
55.9564,-3.2023,42,"Howe Street"
55.96203,-3.185319,41,"Botanic Gardens"
55.854994,-3.168479,40,"Roslin"
55.9130118,-3.1662543,40,"Liberton"
55.916667,-3.5,40,"West Lothian"
55.953386,-3.196522,39,"Royal Society of Edinburgh"
55.989794,-3.484182,39,"Abercorn"
55.9256551,-3.1407527,39,"Craigmillar Castle"
55.9482,-3.1945,39,"West Bow"
55.953122,-3.171594,38,"Holyrood Abbey"
55.9621503,-3.157605,38,"Lochend"
55.9535,-3.1973,37,"Hanover Street"
55.9061733,-3.1350085,37,"Gilmerton"
55.9526,-3.193,37,"Prince's Street"
55.9518,-3.1985,37,"Prince's Street"
55.948839,-3.190969,36,"Parliament Hall"
55.9568,-3.1994,36,"Northumberland Street"
55.952389,-3.193253,36,"Scott Monument"
55.953068,-3.171544,36,"Chapel Royal"
55.9476,-3.2062,36,"Lothian Road"
55.9592,-3.2059,36,"Clarence Street"
55.9442,-3.1893,35,"George Square"
55.9713728,-3.1839339,34,"Bonnington"
55.9478369,-3.1654679,34,"Hunter's Bog"
55.855372,-3.15988,34,"Roslin Chapel"
55.9820556,-3.3744684,34,"Dalmeny"
55.9429,-3.1865,34,"Buccleuch Place"
55.9458235,-3.2474685,33,"Murrayfield"
55.9493396,-3.1905294,33,"St. Giles' Cathedral"
55.9313817,-3.1221785,33,"Niddry"
55.9313817,-3.1221785,33,"Niddrie"
55.9549011,-3.1820043,33,"National Monument"
55.9586,-3.1836,32,"Leith Walk"
55.852585,-3.160021,32,"Roslin Castle"
55.9563,-3.1902,32,"York Place"
55.946951,-3.192865,32,"Candlemaker Row"
55.951472,-3.179895,32,"Canongate Tolbooth"
55.9493396,-3.1905294,32,"St Giles'"
55.9451,-3.1841,31,"Nicolson Street"
55.9661275,-3.214736,31,"Inverleith"
55.9596268,-3.2188497,31,"Comely Bank"
55.9534,-3.2024,31,"Hill Street"
55.9511,-3.2014,30,"Prince's Street"
55.9498788,-3.1875276,30,"Tron Kirk"
55.9593,-3.2041,30,"Silvermills"
55.9705,-3.1719,30,"Leith Walk"
55.943389,-3.189553,29,"George Square"
55.948182,-3.199372,29,"Crown Room"
55.9377415,-3.1886981,29,"Sciennes"
55.948107,-3.199738,29,"Palace Yard"
55.948988,-3.2090231,28,"Rutland Square"
55.938675,-2.376166,27,"Dunglass"
55.950621,-3.184278,27,"Netherbow Port"
55.9426,-3.1809,27,"Rankeillor Street"
55.9518634,-3.1964118,27,"Royal Scottish Academy"
55.9574,-3.1962,26,"Nelson Street"
55.9588104,-3.2992912,26,"Barnton"
55.9566,-3.2069,26,"Gloucester Place"
55.9521569,-3.1757733,26,"Queensberry House"
55.9458,-3.1871,26,"Potterrow"
55.948309,-3.199216,25,"David's Tower"
55.9499,-3.1938,25,"Lady Stair's Close"
55.9587,-3.1887,25,"Broughton Place"
55.9345,-3.2155,25,"Merchiston Crescent"
55.9482,-3.1853,25,"Infirmary Street"
55.9586,-3.2,25,"Cumberland Street"
55.9699,-3.1694,25,"Duke Street"
55.9503821,-3.1867507,24,"Royal Mile"
55.9485,-3.1882,24,"College Wynd"
55.9758345,-3.2053897,24,"Trinity"
55.9343829,-3.2100034,24,"Holy Corner"
55.947444,-3.205066,24,"Usher Hall"
55.883972,-3.441387,24,"Ormiston"
55.943854,-3.059875,23,"Fisherrow"
55.9138214,-3.2803841,23,"Wester Hailes"
55.9135184,-3.2013963,23,"Braid Hills"
55.9657155,-3.1401622,23,"Seafield"
55.931354,-3.2279834,23,"Polwarth"
55.8554146,-3.1912281,23,"Glencorse"
55.949481,-3.207163,22,"Caledonian Hotel"
55.9601,-3.1822,22,"Leith Walk"
55.9258059,-3.1900889,22,"Blackford"
55.953707,-3.189293,22,"Register House"
55.950621,-3.184278,22,"Nether Bow Port"
55.9495,-3.1902,22,"Parliament Square"
55.9511806,-3.2159617,21,"Drumsheugh Gardens"
55.949428,-3.192704,21,"Dunedin"
55.9671,-3.1748,21,"Leith Walk"
55.957363,-2.775982,21,"Old Bank"
55.975112,-3.636021,21,"Linlithgow"
55.93574,-3.2414663,21,"Gorgie"
55.9519283,-3.2469759,21,"Ravelston"
55.9564,-3.213,20,"Ann Street"
55.9594,-3.1774,20,"Montgomery Street"
55.949776,-3.188788,20,"Bell's Wynd"
55.941137,-3.181799,20,"Queen's Hall"
55.9466,-3.1903,20,"Bristo Port"
55.9566,-3.1961,20,"Abercromby Place"
55.9532,-3.2039,20,"North Castle Street"
55.989704,-3.394886,20,"Black Castle"
55.9537787,-3.1937825,20,"St Andrew Square"
55.949139,-3.191539,20,"Signet Library"
55.8792324,-3.1477199,20,"Loanhead"
55.9410761,-3.1502924,20,"Duddingston Loch"
55.952545,-3.171737,19,"Chapel Royal"
55.9420139,-3.2032204,19,"King's Theatre"
55.9324,-3.2069,19,"Church Hill"
55.9593,-3.2002,19,"Fettes Row"
55.9482,-3.1821,19,"Pleasance"
55.975533,-3.603987,19,"Linlithgow"
55.9602,-3.1824,19,"Leith Walk"
55.901341,-3.635633,18,"Bathgate"
55.9466,-3.1877,18,"Potterrow"
55.884483,-3.619255,18,"South Inch"
55.9551513,-3.1497023,18,"Jock's Lodge"
55.97757,-3.185795,18,"North Leith"
55.9467,-3.1857,18,"Nicolson Street"
55.916927,-3.212583,18,"Braid Hills Hotel"
55.817754,-3.094587,18,"Temple"
55.949428,-3.192704,17,"Embra"
55.961226,-3.205174,17,"Edinburgh Academy"
55.842957,-3.300606,17,"Habbie's Howe"
55.9568,-3.212,17,"Danube Street"
55.8554078,-3.160139,17,"Rosslyn Chapel"
55.9466769,-3.1926782,17,"Greyfriars Church"
55.950306,-3.189765,17,"Anchor Close"
55.949964,-3.187993,17,"Black Turnpike"
55.927573,-3.209138,16,"Canny Man's"
55.9667115,-3.2528178,16,"Muirhouse"
55.9528675,-3.1753186,16,"Cannongate"
55.9451,-3.0599,16,"New Street"
55.966066,-2.690418,16,"Hailes"
55.9478,-3.1841,16,"Drummond Street"
55.950884,-2.78181,16,"West Mills"
55.9420116,-3.1506163,16,"Duddingstone"
55.960699,-3.20394,16,"Edinburgh Academy"
55.950282,-3.190357,16,"City Chambers"
55.9170545,-3.2126453,15,"Braid Hills Hotel"
55.9536,-3.1874,15,"Waterloo Place"
55.9578,-3.189,15,"Broughton Street"
55.923034,-3.19453,15,"Blackford Hill"
55.9652866,-3.3173288,15,"Cramond Brig"
55.839478,-3.066295,15,"Shank"
55.9573,-3.1911,15,"Albany Street"
55.9493396,-3.1905294,15,"St. Giles's Cathedral"
55.955,-3.1492,15,"Portobello Road"
55.9539,-3.1591,15,"Duke's Walk"
55.954238,-3.201257,15,"Frederick Street"
55.9492,-3.1876,15,"Blair Street"
55.9506,-3.1898,15,"Cockburn Street"
55.9536,-3.1854,15,"Waterloo Place"
55.851836,-3.160334,14,"Roslin Castle"
55.9474,-3.1922,14,"Candlemaker Row"
55.9591,-3.2225,14,"Comely Bank"
55.9557628,-3.4019771,14,"Kirkliston"
55.955507,-3.193609,14,"Scottish National Portrait Gallery"
55.9427,-3.2213,14,"Dalry Road"
55.9669,-3.2049,14,"Inverleith Row"
55.952653,-3.189613,14,"Balmoral Hotel"
55.951727,-3.191506,14,"Waverley"
55.895221,-3.307136,14,"Kirkgate"
55.94927,-3.192856,14,"George Iv Bridge"
55.954176,-3.402737,14,"Kirkliston"
55.8275485,-3.2260438,14,"Broomhill"
55.9497,-3.1876,14,"Hunter Square"
55.952339,-3.282715,13,"Corstorphine Hill"
55.9030198,-3.2730931,13,"Juniper Green"
55.9528587,-3.1703442,13,"Palace of Holyrood House"
55.948067,-3.19924,13,"Queen Mary's Room"
55.89504,-3.221463,13,"Swanston Cottage"
55.9534686,-3.2733947,13,"Corstorphine Hill"
55.9076063,-3.2536486,13,"St Cuthbert's"
55.9497435,-3.2019502,13,"Prince's Street Gardens"
55.9004232,-3.2590209,13,"Bonaly"
55.9495,-3.1927,13,"Bank Street"
55.8849927,-3.3604206,13,"Balerno"
55.9546,-3.2067,13,"Darnaway Street"
55.9297516,-3.2712758,13,"Saughton"
55.9478,-3.188,13,"Chambers Street"
55.870519,-3.1294307,13,"Polton"
55.9396173,-3.1630777,13,"Prestonfield"
55.951934,-3.211707,13,"Randolph Crescent"
55.9583,-3.2058,13,"St Stephen Street"
55.9529,-3.1104,13,"Marlborough Street"
55.949939,-3.190555,13,"Writers' Court"
55.949931,-3.191355,13,"Advocate's Close"
55.939541,-3.206405,13,"Wrychtishousis"
55.9522,-3.1739,13,"Horse Wynd"
55.9410761,-3.1502924,12,"Duddingstone Loch"
55.946741,-3.184916,12,"Surgeons' Hall"
55.9297,-3.2097,12,"Morningside Road"
55.9179514,-3.0268543,12,"Carberry"
55.9474,-3.1899,12,"Chambers Street"
55.978079,-3.600952,12,"Linlithgow Palace"
55.9566,-3.1876,12,"Broughton Street"
55.9709468,-3.2462305,12,"Pilton"
55.948322,-3.199745,12,"St Mary's Church"
55.9495,-3.1868,12,"Niddry Street"
55.8993743,-3.0679,12,"Dalkeith House"
55.949496,-3.193648,12,"Baxter's Close"
55.951727,-3.191506,12,"Waverley Bridge"
55.9898274,-3.3972947,12,"South Queensferry"
55.998517,-2.885,12,"Gosford"
55.9394,-3.1978,12,"Warrender Park Terrace"
55.9026375,-3.2069106,12,"Fairmilehead"
56.056393,-2.650491,11,"Tantallon Castle"
55.9252,-3.2095,11,"Morningside Road"
55.9475111,-3.1927863,11,"Martyrs' Monument"
55.95,-3.2131,11,"Melville Street"
55.8335271,-3.0902295,11,"Carrington"
55.9518,-3.1918,11,"Waverley Bridge"
55.9487,-3.1932,11,"Victoria Street"
55.94867,-3.200924,11,"Castell of Edinburgh"
55.9400959,-3.1641412,11,"Samson's Ribs"
55.9567428,-3.1799413,11,"Abbey Hotel"
55.946885,-3.190493,11,"Museum of Scotland"
55.9384,-3.2052,11,"Bruntsfield Place"
55.951711,-3.1793482,11,"Canongate Kirk"
55.950351,-3.185122,11,"Fountain Close"
55.9538896,-3.1964354,11,"George Hotel"
56.045887,-2.715923,11,"North Berwick Law"
55.9803,-3.1746,11,"Ocean Drive"
55.9534904,-3.1782952,11,"Burns Monument"
55.9430696,-3.1767594,11,"Holyrood Park"
55.9516823,-3.2039774,11,"Gordon Arms"
55.9537553,-3.2976114,11,"Clermiston"
55.907517,-3.644212,11,"Bathgate"
55.896145,-3.081218,11,"Lugton"
55.9597,-3.1969,11,"Royal Crescent"
55.9449,-3.1827,11,"Simon Square"
55.950135,-3.200252,11,"Nor Loch"
55.9652,-3.1776,11,"Arthur Street"
55.986065,-2.656202,11,"Crown Hotel"
55.9424,-3.1471,11,"The Causeway"
55.897965,-2.814456,11,"Greenlaw"
55.943492,-3.044447,10,"Pinkie House"
55.950909,-3.222725,10,"Dean Cemetery"
55.9468969,-3.1912784,10,"Greyfriars Bobby"
55.839474,-2.991563,10,"Crichton Castle"
55.897625,-3.077469,10,"Lugton"
55.9493,-3.1964,10,"Ramsay Garden"
55.9628377,-3.2540411,10,"Drylaw"
55.9734,-3.1782,10,"Bowling Green"
55.9129,-3.1614,10,"Kirkgate"
55.947506,-3.1919756,10,"Elephant House"
55.930791,-3.208933,10,"Dominion Cinema"
55.944881,-2.698078,10,"Whitelaw"
55.957575,-2.918854,10,"St Germains"
55.952685,-3.185354,10,"Paul's Work"
55.9517911,-3.1736045,10,"Abbeyhill"
55.9519,-3.1827,10,"New Street"
55.9523,-3.2118,10,"Randolph Crescent"
55.9544051,-3.1827724,10,"Nelson Monument"
55.93041,-3.506769,10,"The Lindens"
55.971622,-2.508827,10,"Doon Hill"
55.8893833,-3.4216614,10,"Kirknewton"
55.9583,-3.2059,10,"St Stephen Street"
55.9263,-3.2056,10,"Nile Grove"
55.9608,-3.1702,10,"Sunnyside"
55.9447,-3.1878,10,"Charles Street"
55.948605,-3.191907,10,"National Library of Scotland"
55.9458,-3.2038,10,"Bread Street"
55.9458,-3.1911,10,"Forrest Road"
55.9539,-3.1858,10,"Waterloo Place"
55.937316,-3.185685,10,"Dominican Convent"
55.948336,-3.189064,9,"Horse Wynd"
55.948882,-3.186487,9,"St Cecilia's Hall"
55.9534,-3.1887,9,"Waterloo Place"
55.942,-3.1831,9,"Gifford Park"
55.9618,-3.1804,9,"Leith Walk"
55.9546,-3.1766,9,"Regent Terrace"
55.959,-3.1924,9,"London Street"
56.015179,-2.664026,9,"Newbyth"
55.943894,-3.183804,9,"Green Mantle"
56.0013466,-3.3876863,9,"Inchgarvie"
55.9514,-3.211,9,"Queensferry Street"
55.9001013,-3.1686809,9,"Mortonhall"
55.9479337,-3.3993461,9,"Hallyards"
55.957386,-2.77515,9,"Bothwell Castle"
55.949428,-3.192704,9,"Edinbrugh"
55.948675,-3.191156,9,"Holyrood Chapel"
55.9549,-3.1869,9,"Leith Street"
55.966644,-3.251178,9,"The Doocot"
55.9361,-3.1743,9,"Blacket Place"
55.9463,-3.1842,9,"Hill Place"
55.9497,-3.1859,9,"Blackfriars Street"
55.993743,-2.54663,9,"Belhaven"
55.952631,-3.190958,9,"Waverley Market"
55.9469,-3.2174,9,"Grosvenor Street"
55.950142,-3.188159,9,"Union Hotel"
55.9543,-3.1977,9,"Thistle Street"
55.951713,-3.179895,9,"Canongate Churchyard"
55.9496,-3.2137,9,"Walker Street"
56.0100806,-3.3942239,9,"North Queensferry"
55.9518983,-3.1974195,9,"The Mound"
55.9423,-3.1823,9,"Clerk Street"
55.950252,-3.186064,9,"Todrick's Wynd"
55.876219,-3.632658,9,"Blackburn"
55.952,-3.2129,9,"Queensferry Street"
55.949,-3.2109,8,"Shandwick Place"
55.951718,-3.17879,8,"Dunbar's Close"
55.9053365,-3.2282986,8,"Oxgangs"
55.954378,-3.186847,8,"Leith Street"
55.926506,-3.16983,8,"Bridgend"
55.9548,-3.1871,8,"Leith Street"
55.9409,-3.2022,8,"Glengyle Terrace"
55.949945,-3.189914,8,"Craig's Close"
55.9495,-3.2081,8,"Rutland Street"
55.9565,-3.2041,8,"Royal Circus"
55.9422,-3.2829,8,"Glebe Road"
55.948661,-3.192597,8,"Dowie's Tavern"
55.9508,-3.1915,8,"Market Street"
55.975653,-3.188989,8,"United Free Church"
55.9136071,-3.1420507,8,"Moredun"
55.807073,-3.062537,8,"Outerston"
55.946154,-3.191655,8,"Charity Workhouse"
55.9338,-3.1863,8,"Dick Place"
55.9575056,-3.2573799,8,"Blackhall"
55.9592,-3.1969,8,"Dundonald Street"
55.9197454,-3.1040176,8,"Hilltown"
55.852282,-3.069521,8,"Redheugh"
55.954896,-3.196473,8,"Royal College of Physicians"
55.9257567,-3.1931161,8,"Blackford Pond"
55.9569,-3.1783,8,"Royal Terrace"
55.9461,-3.1858,8,"Nicolson Square"
55.9099122,-3.2113993,8,"Buckstone"
55.894469,-3.091917,8,"Melville Castle"
55.9312143,-3.1922355,8,"The Grange"
55.99114,-2.705292,8,"Athelstaneford"
55.975281,-2.892482,8,"Longniddry"
55.957401,-2.634303,8,"Redcliff"
55.9311484,-3.2398501,8,"Slateford"
55.9376,-3.1888,7,"Hatton Place"
55.932056,-3.183299,7,"Masson Hall"
55.8994431,-3.1637873,7,"Kaimes"
55.94,-3.1802,7,"South Clerk Street"
55.9592164,-3.1859645,7,"Gayfield Square"
55.9311,-3.223,7,"Spylaw Road"
55.9081,-3.2533,7,"Colinton Road"
55.957233,-3.177725,7,"London Road"
55.895069,-3.221256,7,"Swanston Cottage"
55.9461,-3.189,7,"Potterrow"
55.9477108,-3.2639521,7,"Rest and Be Thankful"
55.9176624,-3.1333676,7,"Little France"
55.9454,-3.1909,7,"Forrest Road"
55.9366417,-3.157087,7,"Prestonfield House"
55.9743,-3.1708,7,"Tolbooth Wynd"
55.9303378,-3.2860661,7,"Broomhouse"
55.919077,-3.2453571,7,"Craiglockhart"
55.947651,-3.204048,7,"Synod Hall"
55.826695,-3.007361,7,"Borthwick Castle"
55.9569412,-3.1875252,7,"Picardy Place"
55.9659948,-3.2789422,7,"Davidson's Mains"
55.964359,-2.923628,7,"St Germains"
55.8509483,-3.1359243,7,"Rosewell"
55.9483,-3.192,7,"George Iv Bridge"
55.9497,-3.2091,7,"Shandwick Place"
55.950159,-3.186398,7,"Strichen's Close"
55.9491,-3.2131,7,"William Street"
55.959562,-3.448216,7,"Niddry Mains"
55.9408,-3.0396,7,"The Grove"
55.9324305,-3.1819777,7,"Teviotdale House"
56.010714,-2.729209,7,"Congalton"
55.942153,-3.184536,7,"Archers' Hall"
55.944811,-3.181911,7,"Simon Square"
55.816307,-3.131396,6,"Edgelaw"
55.9697697,-3.2740918,6,"Silverknowes"
55.888978,-3.483689,6,"Sandilands"
55.9616,-3.1885,6,"Green Street"
55.942721,-3.066249,6,"Market Street"
55.9494719,-3.2039863,6,"West Princes Street Gardens"
55.953547,-2.951237,6,"Bankton"
55.913,-3.1609,6,"Kirkgate"
55.894195,-3.058553,6,"Woodburn"
55.9453,-3.191,6,"Lauriston Place"
55.8464623,-3.1918238,6,"Auchendinny"
55.9213,-3.2162,6,"Craiglea Drive"
55.953,-3.2073,6,"North Charlotte Street"
55.9529,-3.2004,6,"Frederick Street"
55.930366,-3.188994,6,"West Grange House"
55.950802,-3.20714,6,"North Side"
55.9468801,-3.2026112,6,"Castle Terrace"
55.9591,-3.2125,6,"Raeburn Place"
55.9147,-3.1102,6,"The Circle"
55.9505684,-3.1636997,6,"St Anthony's Well"
56.029338,-2.687215,6,"The Den"
55.8525274,-3.1599823,6,"Rosslyn Castle"
55.949093,-3.194372,6,"Weigh House"
55.947934,-3.192511,6,"Magdalen Chapel"
55.8492587,-3.2007984,6,"Fisher's Tryst"
55.9734,-3.1855,6,"Pitt Street"
55.94247,-3.044147,6,"Pinkie House"
55.947,-3.187,6,"South College Street"
55.9782353,-3.301899,6,"River Almond"
55.924063,-3.288502,6,"Napier University"
55.8761405,-3.0879091,6,"Bonnyrigg"
55.952276,-3.202478,6,"Freemasons' Hall"
55.946965,-3.200712,6,"King's Stables"
55.9529,-3.2055,6,"Young Street"
55.9500318,-3.3725551,6,"Edinburgh Airport"
55.9619,-3.2836,6,"Queensferry Road"
55.9438,-3.1787,6,"St Leonard's Hill"
55.9684,-3.1838,6,"Pilrig Street"
55.852843,-3.431512,6,"Little Vantage"
55.861751,-3.081029,6,"Dalhousie Castle"
55.9544971,-3.1995736,6,"Scotch Malt Whisky Society"
55.9572,-3.2065,6,"North West Circus Place"
55.9327,-3.2187,6,"Spylaw Road"
55.9662,-3.1734,6,"Lorne Street"
55.956091,-3.186259,5,"Commercial Bank of Scotland"
55.9497825,-3.189168,5,"Bay of Bengal"
55.8919644,-3.256532,5,"White Hill"
55.9339004,-3.484794,5,"Broxburn"
55.936555,-3.199349,5,"Bruntsfield House"
55.9450696,-3.1863598,5,"South Edinburgh"
55.9337,-3.2876,5,"Kirklands"
55.900528,-3.642668,5,"Dreadnought Hotel"
55.9421135,-3.1791779,5,"The Montague"
55.9478,-3.2024,5,"King's Stables Road"
55.936363,-3.074078,5,"Market Street"
55.9447,-3.185,5,"West Nicolson Street"
55.888794,-2.690644,5,"Newlands"
55.9536,-3.1906,5,"West Register Street"
55.964576,-3.222676,5,"Fettes College"
55.9722589,-3.2532136,5,"The Gunner"
55.945991,-3.19924,5,"St Mary's Chapel"
55.957466,-2.776753,5,"Fleshmarket"
55.941039,-3.2411512,5,"Murrayfield Stadium"
55.953484,-3.195628,5,"Physicians' Hall"
55.9454,-3.1975,5,"Keir Street"
56.016525,-2.631951,5,"Whitekirk"
55.9538,-3.1124,5,"Bath Street"
55.955951,-3.187664,5,"Queen's Theatre"
55.9234549,-3.3105367,5,"Bankhead"
55.984299,-3.222737,5,"Granton Harbour"
56.003798,-2.538145,5,"St Margaret's"
55.9536518,-3.2005421,5,"Queen's Arms"
55.975912,-3.171322,5,"Leith Docks"
55.9462549,-3.1868892,5,"Festival Theatre"
55.9082164,-3.2464447,5,"Redford"
55.9387,-3.1853,5,"Gladstone Terrace"
55.957,-3.2045,5,"Circus Place"
55.9758,-3.1679,5,"Bernard Street"
55.886435,-3.198346,5,"Hillend"
55.9341,-3.0886,5,"Park Terrace"
55.9230563,-3.1949734,5,"Blackford Hill"
55.948267,-2.50756,5,"Woodhall"
55.984612,-2.578556,5,"Belton"
55.9389,-3.2049,5,"Bruntsfield Place"
55.9472686,-3.178441,5,"Dumbiedykes"
55.9466769,-3.1926782,5,"Greyfriars Kirk"
55.9464,-3.1892,5,"Brighton Street"
55.951584,-3.187722,5,"Physic Garden"
55.9158297,-3.218674,5,"Greenbank"
55.938,-3.2317,5,"Gorgie Road"
55.9427,-3.0619,5,"Market Street"
55.937303,-3.158726,5,"Prestonfield House"
55.866645,-3.078257,5,"Dalhousie Castle"
55.9558,-3.214,5,"Lennox Street"
55.988519,-2.480662,5,"Broxmouth"
55.978749,-3.598511,5,"The Peel"
55.9221602,-3.2890946,5,"Sighthill"
55.990346,-3.385002,5,"Hawes Inn"
55.9752,-3.1606,5,"Bath Road"
55.954635,-3.191852,5,"Douglas Hotel"
55.9483,-3.217,5,"Palmerston Place"
55.944,-3.1864,5,"Windmill Street"
55.9743,-3.186,5,"Ferry Road"
55.960643,-3.179991,5,"Industrial School"
55.9423142,-3.210803,5,"Fountainbridge"
55.977872,-3.202919,5,"Grange House"
55.9437,-3.0704,5,"Maitland Street"
55.9750047,-3.4151396,5,"Dundas Castle"
55.9498,-3.1929,5,"Bank Street"
55.9214987,-3.383414,5,"Ratho"
55.940921,-3.2243207,5,"Dalry"
55.9581,-3.1919,5,"Old Broughton"
55.941674,-3.041564,5,"Pinkie House"
55.943014,-3.181856,5,"Mission School"
55.923548,-3.377625,5,"Ratho"
55.928262,-3.200392,5,"Dining Hall"
55.894086,-3.232499,5,"Dreghorn"
55.758855,-3.119389,5,"Moorfoot"
55.949515,-3.221929,5,"Douglas Crescent"
55.946431,-3.190927,5,"Bristo Port"
55.975806,-3.434625,5,"Westfield"
55.941409,-3.202877,5,"Agricultural Hall"
55.845885,-3.050579,5,"Stobhill"
55.9577,-3.1889,5,"Albany Street"
55.9536,-3.1787,5,"Regent Road"
55.9403956,-3.2150761,5,"Tree of Knowledge"
55.9651,-3.642215,5,"Union Canal"
55.9422,-3.2968,5,"Glasgow Road"
55.9217611,-3.4451248,4,"Muirend"
55.8632911,-3.2541424,4,"Glencorse Reservoir"
55.9722797,-3.1713852,4,"Trinity House"
55.953688,-3.181909,4,"Royal High School"
55.97801,-3.60143,4,"Linlithgow Palace"
55.9413,-3.208,4,"Gilmore Place"
55.950066,-3.186715,4,"Cant's Close"
55.960711,-3.205462,4,"Edinburgh Academy"
56.057408,-2.665667,4,"Canty Bay"
55.9626177,-3.211561,4,"Inverleith Park"
55.952804,-3.175188,4,"St Thomas's Hospital"
55.9566,-3.2089,4,"India Place"
55.9793856,-3.1695676,4,"Port of Leith"
55.9562,-3.2086,4,"Doune Terrace"
55.9457,-3.1831,4,"West Richmond Street"
55.892902,-3.071869,4,"Municipal Buildings"
55.947279,-3.205365,4,"Board School"
55.9294,-3.2098,4,"Morningside Road"
55.941361,-3.057245,4,"Old Bridge"
55.9525,-3.1783,4,"Lochend Close"
55.87465,-3.0376966,4,"Mayfield"
55.9390679,-3.2188177,4,"Golden Rule"
55.9558,-3.1682,4,"Spring Gardens"
55.9538,-3.2078,4,"Forres Street"
55.95096,-3.204791,4,"University Club"
55.951246,-3.10828,4,"Union Bank of Scotland"
55.9253276,-3.2104372,4,"Waiting Room"
55.9578,-3.2031,4,"St Vincent Street"
55.9233152,-3.1561354,4,"The Inch"
55.978405,-3.173641,4,"Scottish Office"
55.8892446,-3.0802664,4,"Eskbank"
55.9625,-3.1982,4,"Canonmills"
55.950848,-3.183376,4,"Morocco Land"
55.9342921,-3.1739627,4,"Mayfield"
55.9474941,-3.1967558,4,"White Hart Inn"
55.9578,-3.1874,4,"Forth Street"
55.9551,-3.1564,4,"Meadowbank"
55.94867,-3.200924,4,"Castle Rock"
55.938353,-3.33795,4,"Gogar"
55.9538896,-3.1964354,4,"The George Hotel"
55.9903926,-3.3848638,4,"Hawes Inn"
55.9515,-3.1995,4,"Frederick Street"
55.901957,-3.643336,4,"North Bridge Street"
55.977598,-3.600659,4,"District Court"
55.9523,-3.1769,4,"Brown's Close"
55.9481,-3.1978,4,"Johnston Terrace"
55.895774,-3.097727,4,"Melville Castle"
55.9589,-3.248,4,"Queen's Road"
55.9531365,-3.1852817,4,"Governor's House"
55.958,-3.1911,4,"Barony Street"
55.9508,-3.2438,4,"Ravelston Dykes"
55.940965,-3.091336,4,"Brunstane"
55.977674,-3.202945,4,"Holly Lodge"
55.933092,-3.461683,4,"Engineering Works"
55.9756,-3.1697,4,"Broad Wynd"
55.926209,-3.218955,4,"Royal Edinburgh Hospital"
55.9449,-3.1975,4,"Lauriston Place"
55.9744754,-3.1732061,4,"Cables Wynd House"
55.95196,-3.177949,4,"Lochend Close"
55.9497435,-3.2019502,4,"Prince's Gardens"
55.9499,-3.1837,4,"St Mary's Street"
55.949616,-3.191541,4,"The Old Tolbooth"
55.92637,-3.218127,4,"Royal Edinburgh Hospital"
55.9594,-3.2,4,"Fettes Row"
55.9508683,-3.1907539,4,"The Hebrides"
55.880649,-3.070524,4,"Newbattle Abbey"
55.952243,-3.178438,4,"Panmure House"
55.891942,-2.712125,4,"Yester"
55.9542346,-3.18738,4,"The Black Bull"
55.9493,-3.196,4,"Ramsay Lane"
55.9531,-3.2098,4,"Ainslie Place"
55.9691,-3.1609,4,"Noble Place"
55.953224,-3.21029,4,"Ainslie Place"
55.9157,-3.1666,4,"Liberton Brae"
55.949616,-3.191541,4,"Tollbooth"
55.81875,-3.702395,4,"Bridge-End"
55.976952,-3.192122,4,"Ramsay House"
55.9707,-3.1799,4,"Bonnington Road"
55.940415,-3.203455,4,"Barclay Church"
55.954,-3.1875,4,"St Ninian's Row"
55.9492,-3.2183,4,"Palmerston Place"
55.949628,-2.534207,4,"Black Loch"
55.947356,-3.197521,4,"Black Bull Inn"
55.9403255,-3.1714042,4,"Pollock Halls"
55.9319,-3.1846,4,"Grange Loan"
55.949479,-3.191662,4,"Bess Wynd"
55.891844,-2.761562,4,"Woodhead"
55.8546891,-3.1540858,4,"Wallace's Cave"
55.8549326,-3.2982874,4,"Black Hill"
55.9458,-3.1866,4,"Marshall Street"
55.9503,-3.2106,4,"Alva Street"
55.934449,-3.50643,4,"Old Manse"
55.956,-3.2026,4,"Jamaica Street"
55.95537,-2.778585,4,"City Bank"
55.944614,-3.183666,4,"Riding School"
55.9013,-3.2043,4,"Biggar Road"
56.005296,-2.786212,4,"Drem"
55.9515,-3.1793,4,"Canon Gate"
55.9544,-3.2134,3,"Eton Terrace"
55.9461471,-3.1742836,3,"Cat Nick"
55.955588,-2.776795,3,"Commercial Hotel"
55.8950603,-3.0682938,3,"County Hotel"
55.955091,-3.440249,3,"Niddry Castle"
55.964429,-3.317991,3,"Cramond Bridge"
55.944428,-3.185294,3,"Pear Tree"
55.9785,-3.1963,3,"Park Road"
55.958178,-3.455885,3,"Castle Road"
55.952674,-2.440967,3,"Innerwick"
55.9410318,-3.2086108,3,"Town House"
55.9725,-3.1864,3,"Graham Street"
55.9209851,-3.2140782,3,"Comiston"
55.9341,-3.1699,3,"Queen's Crescent"
55.9315955,-3.2232342,3,"Rudolf Steiner School"
55.9950452,-3.4110345,3,"Port Edgar"
55.9338,-3.2176,3,"Napier Road"
55.949259,-3.18653,3,"Dickson's Close"
55.9404848,-3.1808313,3,"The Southern"
55.9365,-3.177,3,"Minto Street"
55.955261,-3.150517,3,"London Road"
55.936553,-3.157263,3,"Prestonfield House"
55.95093,-3.218787,3,"Glencairn Crescent"
55.9443,-3.1858,3,"Chapel Street"
55.9157,-3.2948,3,"Quarry Bank"
55.969425,-3.167392,3,"Queen Margaret College"
55.9584,-3.2143,3,"Bedford Street"
55.950357,-3.184482,3,"World's End Close"
55.9805956,-3.1934566,3,"Peacock Inn"
55.948645,-3.200732,3,"Castle Rock"
55.776693,-3.042578,3,"Broad Law"
55.92401,-3.293622,3,"Scottish Office"
55.9509254,-3.1948147,3,"East Princes Street Gardens"
55.956,-3.1595,3,"London Road"
55.9960722,-3.4619186,3,"Hopetoun House"
55.950134,-3.188959,3,"Old Stamp Office Close"
55.949428,-3.192704,3,"Edynburgh"
55.949477,-3.193759,3,"Gladstone's Land"
55.961825,-2.601426,3,"Stenton"
55.941969,-3.007165,3,"Wallyford"
55.9586,-3.1762,3,"Wellington Street"
56.010408,-3.272589,3,"Inchmickery"
55.838618,-3.315679,3,"Logan Burn"
55.93035,-3.060899,3,"Monktonhall"
55.953707,-3.189293,3,"General Register House"
55.9391,-3.1749,3,"Dalkeith Road"
55.9028966,-3.1642422,3,"Balm Well"
55.964993,-2.934857,3,"Seton House"
55.910736,-2.891878,3,"Pencaitland"
55.952601,-3.173452,3,"Guard Room"
55.9499,-3.1791,3,"Holyrood Road"
55.952941,-3.223478,3,"House of Dean"
55.9487175,-3.2001091,3,"St Margaret's Chapel"
55.9613,-3.2014,3,"Brandon Street"
55.960148,-3.205156,3,"Edinburgh Academy"
55.925,-3.255277,3,"Gray's Mill"
55.95355,-3.109884,3,"Moss Cottage"
55.9423,-3.1791,3,"St Leonard's Street"
55.958,-3.2105,3,"Leslie Place"
55.9743,-2.606154,3,"Biel"
55.9768212,-3.1696962,3,"De Niro"
55.948211,-3.235515,3,"St George's School for Girls"
55.89415,-2.963375,3,"Oxenfoord"
55.952919,-3.201985,3,"Hamilton and Inches"
55.825575,-3.009072,3,"Borthwick Church"
55.951187,-3.220957,3,"Douglas House"
55.998554,-2.509935,3,"Bellevue Hotel"
55.9323,-3.249,3,"Gorgie Road"
55.9701199,-3.1699843,3,"Duke's Head"
55.9555,-3.1904,3,"Elder Street"
55.9394176,-3.2316182,3,"Tynecastle Stadium"
55.9532042,-3.1908905,3,"Royal British Hotel"
55.9425,-3.1843,3,"Buccleuch Street"
55.95385,-3.190459,3,"Cafe Royal"
55.9625,-3.175,3,"Albert Street"
55.9459,-3.1863,3,"Nicolson Square"
55.9454,-3.2023,3,"High Riggs"
55.9569,-3.1868,3,"Picardy Place"
55.886178,-2.946247,3,"The Murrays"
55.82644,-3.007737,3,"Borthwick Castle"
55.9586,-3.2246,3,"Comely Bank"
55.947146,-3.200557,3,"King's Stables"
55.9572,-3.2074,3,"India Place"
55.9394,-3.1088,3,"The Jewel"
55.936505,-3.046115,3,"Oak Lodge"
55.9789603,-3.1865433,3,"Halfway House"
55.97063,-3.169271,3,"St Andrew's Church"
55.952857,-3.173892,3,"Abbey Sanctuary"
55.947019,-3.240954,3,"Hamilton House"
55.9489,-3.1941,3,"Upper Bow"
55.9602,-3.2037,3,"Henderson Row"
55.8700782,-3.1823023,3,"Bilston"
55.823452,-3.716441,3,"Caledonia Hotel"
55.976629,-3.59634,3,"Star and Garter Hotel"
55.983485,-2.543825,3,"Myreside"
55.827675,-3.706776,3,"Fauldhouse"
55.9702845,-3.1717442,3,"Central Bar"
55.960784,-3.204455,3,"Edinburgh Academy"
55.932513,-3.655836,3,"Ivy Cottage"
55.951635,-3.177202,3,"Milton House"
55.9488,-3.1816,3,"St John's Hill"
55.975719,-3.610405,3,"St Ninian's Chapel"
55.9509656,-3.1565911,3,"Whinny Hill"
55.9489631,-3.195567,3,"Camera Obscura"
55.9407,-3.0481,3,"Newbigging"
55.935023,-3.218111,3,"Burgh Muir"
55.9556,-3.2069,3,"Gloucester Lane"
55.937892,-2.881536,3,"Penston"
55.949965,-3.187833,3,"The Tron"
55.949337,-3.208071,3,"Princes Street Station"
55.9324909,-3.2097087,3,"Churchill Theatre"
55.943947,-3.264409,3,"Beechwood House"
55.9476,-3.1833,3,"Roxburgh Street"
55.9748,-3.1698,3,"Water Street"
55.929389,-2.824894,3,"East Mains"
55.9538653,-3.4506925,3,"Niddrie Castle"
55.8733672,-3.2096192,3,"Boghall"
55.938914,-3.22715,3,"Magdalen Asylum"
55.950204,-3.222239,3,"Bell's Mills"
55.9333,-3.197,3,"Hope Terrace"
55.906813,-3.257905,3,"Rose Cottage"
55.940094,-3.204982,3,"Gillespie's Hospital"
55.987934,-3.3351956,3,"Dalmeny House"
55.9343,-3.1747,3,"Minto Street"
55.833146,-2.951009,3,"Crichton"
55.962,-3.2828,3,"Queensferry Road"
55.963513,-3.203787,3,"Little House"
55.955818,-2.775919,3,"Black Bull Hotel"
55.9765,-3.2452,3,"West Granton Road"
55.96016,-3.319737,2,"Home Farm"
55.99324,-3.289681,2,"Cramond Island"
55.867521,-3.033825,2,"Newtongrange"
55.9470479,-3.1864939,2,"Captain's Bar"
55.9395,-3.1817,2,"Summerhall Square"
55.949251,-3.196619,2,"Ramsay Garden"
55.939,-3.1915,2,"Argyle Place"
55.921925,-3.135095,2,"Royal Infirmary of Edinburgh"
55.9382,-3.1787,2,"Newington Road"
55.8241723,-3.3689699,2,"Bore Stane"
55.9736,-3.158,2,"Salamander Street"
55.9489,-3.1881,2,"Stevenlaw's Close"
55.8234,-3.077028,2,"Arniston House"
55.9617,-3.2078,2,"Teviotdale Place"
55.8771273,-3.1946047,2,"Damhead"
55.9040411,-3.1501108,2,"Gracemount"
55.8707152,-3.1492245,2,"Bilston Glen"
55.9313,-3.2125,2,"Albert Terrace"
55.9524,-3.176072,2,"Galloway's Close"
55.959144,-3.187345,2,"Broughton Place Church"
55.9763,-3.1699,2,"Commercial Street"
56.006643,-2.866744,2,"The Pleasance"
55.9224536,-3.2108475,2,"Hill Station"
55.9753781,-3.1668075,2,"Robert Burns"
55.9343,-3.2281,2,"Harrison Gardens"
55.9453,-3.1831,2,"Davie Street"
55.9602,-3.1702,2,"Bothwell Street"
55.950912,-3.1684417,2,"St Margaret's Well"
55.9567,-3.1689,2,"Abbey Street"
55.9478,-3.205,2,"Cambridge Street"
55.936473,-3.179896,2,"National Library of Scotland"
55.9741,-3.1659,2,"Mitchell Street"
55.9729,-3.1685,2,"Constitution Street"
55.874433,-3.793225,2,"Bogside"
55.8594026,-3.2070836,2,"Bush House"
55.9770483,-3.1712444,2,"Customs House"
55.950862,-3.181887,2,"Old Playhouse Close"
55.956106,-3.187445,2,"New Theatre Royal"
55.9351853,-3.2813326,2,"Carrick Knowe"
55.9387,-3.2382,2,"Wheatfield Road"
55.9581,-3.2122,2,"Dean Street"
55.9432078,-3.2383731,2,"Roseburn House"
55.9332532,-3.23511,2,"Gray's Mill"
55.954185,-3.178881,2,"Royal High School"
55.9227182,-3.2281566,2,"Craig House"
55.89431,-2.940288,2,"Ormiston Hall"
55.975347,-3.299341,2,"Church of the Sacred Heart"
55.902261,-3.220874,2,"Hunter's Tryst"
55.949,-3.2158,2,"Manor Place"
55.989616,-2.619474,2,"Knowes"
55.951105,-3.205532,2,"Charlotte Chapel"
55.970375,-2.527732,2,"Spott"
55.9387,-3.1868,2,"Livingstone Place"
55.9598,-3.1964,2,"Royal Crescent"
55.9483094,-3.2101498,2,"Malt House"
55.978852,-3.167292,2,"Imperial House"
55.9749,-3.1731,2,"Coalhill"
55.931676,-3.196573,2,"Airlie Lodge"
55.9351,-3.2171,2,"West Castle Road"
55.911672,-2.715478,2,"Townhead"
55.9628,-3.1998,2,"Inverleith Row"
55.9707743,-3.1957168,2,"Warriston Crematorium"
55.9761,-3.1661,2,"Constitution Street"
55.954193,-3.190189,2,"New Register House"
55.9567,-3.2452,2,"Queensferry Road"
55.9383,-3.2006,2,"Marchmont Street"
55.882528,-2.670071,2,"Green Castle"
55.9543,-3.2197,2,"Belgrave Place"
55.967926,-2.947296,2,"Port Seton"
55.9668,-3.2518,2,"Ferry Road"
55.9528635,-3.1145573,2,"Porty"
55.951443,-3.178093,2,"Scottish Poetry Library"
55.9239962,-3.1647269,2,"Nether Liberton"
56.004177,-2.518988,2,"Belhaven"
55.973152,-2.682981,2,"Hailes Castle"
55.966186,-3.290383,2,"Southfield"
55.948495,-3.212433,2,"Coates Crescent"
55.911362,-3.325357,2,"Heriot-Watt University"
55.9393,-3.1983,2,"Warrender Park Terrace"
55.947628,-3.218347,2,"Lansdowne Crescent"
55.947599,-3.190066,2,"Crown Office"
55.932772,-3.200256,2,"The White House"
55.8546668,-3.2250125,2,"Flotterstone Inn"
55.923193,-3.378828,2,"Bridge Inn"
55.9547,-3.229,2,"Queensferry Road"
55.975533,-3.603987,2,"Dominican Monastery"
55.9479,-3.204,2,"Castle Terrace"
55.9736,-3.1679,2,"Constitution Street"
55.942162,-3.269346,2,"Edinburgh Zoo"
55.951191,-3.181257,2,"Shoemakers' Land"
55.9193911,-3.1912338,2,"Hermitage of Braid"
55.9435627,-3.2111942,2,"Fountain Court"
55.9476,-3.1945,2,"Hunter's Close"
55.954213,-3.212948,2,"Dean Gardens"
55.9482,-3.1882,2,"Guthrie Street"
55.955708,-2.978101,2,"Preston Tower"
55.9462,-3.1902,2,"Bristo Place"
55.9734,-3.1667,2,"Queen Charlotte Street"
55.952913,-3.253106,2,"Mary Erskine School"
55.978479,-3.167761,2,"Leith Docks"
55.9474,-3.2182,2,"Lansdowne Crescent"
55.9481,-3.2118,2,"Atholl Crescent"
55.9299869,-3.0772678,2,"Queen Margaret University"
55.9534675,-3.1826565,2,"St Andrews House"
55.9393,-3.0478,2,"Newbigging"
55.9589,-3.2076,2,"Hamilton Place"
55.9643,-3.2743,2,"Quality Street"
55.9352,-3.1776,2,"Duncan Street"
55.9133,-3.1579,2,"Park Crescent"
56.010896,-2.707256,2,"Waughton"
56.016483,-2.72457,2,"Rockville"
55.946192,-3.197005,2,"The Vennel"
55.825312,-3.009432,2,"Old Manse"
55.950843,-3.181999,2,"Playhouse Close"
55.898213,-2.920856,2,"Fountainhall"
55.9410318,-3.2086108,2,"The Town House"
55.938366,-3.187782,2,"Sciennes Primary School"
55.99246,-3.33424,2,"Barnbougle Castle"
55.9974045,-3.3555944,2,"Dalmeny Park"
55.9624048,-3.1988622,2,"Canonmills"
55.9399617,-3.1815162,2,"Royal Dick"
55.943695,-3.0449,2,"Pinkie House"
55.94784,-3.1953147,2,"Last Drop"
55.938563,-3.336052,2,"Gogar"
55.950938,-3.181425,2,"St John's Close"
55.947794,-3.189368,2,"Minto House"
55.9482954,-3.2165984,2,"St Mary's Episcopal Cathedral"
55.9393,-3.178,2,"East Preston Street"
55.954151,-3.196338,2,"George Hotel"
55.9346,-3.1867,2,"Lauder Road"
55.953407,-3.194345,2,"Western Bank"
55.9583,-3.2094,2,"Deanhaugh Street"
55.9165,-3.1636,2,"Kirk Brae"
55.9575,-3.1708,2,"London Road"
55.9438416,-3.1903329,2,"George Square Gardens"
55.950606,-3.186572,2,"Jeffrey Street"
55.9381717,-3.2059291,2,"Bruntsfield Hotel"
55.9240629,-3.2620446,2,"Longstone"
55.896012,-3.237565,2,"Dreghorn"
55.929,-3.1611,2,"Cameron Toll"
55.957309,-2.778816,2,"St John's Church"
55.9022196,-3.2209447,2,"Hunter's Tryst"
55.951036,-3.225292,2,"Scottish National Gallery of Modern Art"
55.974461,-2.591335,2,"Biel"
55.933468,-3.1734884,2,"Ben Doran"
55.9515814,-3.2036294,2,"Black Cat"
55.956147,-2.769295,2,"St Fillans"
55.934604,-3.200441,2,"St Margaret's Convent"
55.9571,-3.1936,2,"Dublin Street"
55.954234,-3.191439,2,"British Linen Bank"
55.9595,-3.2473,2,"Queen's Gardens"
55.931191,-3.328115,2,"Millburn Tower"
55.891456,-3.07693,2,"New Cemetery"
55.9587,-3.203526,2,"St Stephen's Church"
55.893399,-3.477733,2,"Calder Bank"
55.898883,-3.699634,2,"Star Hotel"
55.9332168,-3.1662616,2,"Grey Horse"
55.9571,-3.2101,2,"Dean Terrace"
55.9495,-3.1849,2,"South Gray's Close"
55.9488,-3.1844,2,"High School Yards"
55.9796581,-3.1745847,2,"Victoria Dock"
55.950561,-3.183239,2,"Gibb's Close"
55.959044,-2.857174,2,"Trabroun"
55.890201,-3.106028,2,"Melville Castle"
55.948262,-3.187461,2,"Gaiety Theatre"
55.9073,-3.2579,2,"Bridge Road"
55.9734,-3.1722,2,"Giles Street"
55.950722,-3.181482,2,"Canongate Kilwinning Lodge"
55.9292,-3.1613,2,"Cameron Toll"
55.850895,-3.229454,2,"House O' Muir"
55.9754,-3.1702,2,"Waters' Close"
55.884692,-2.814753,2,"Cauldshiel"
55.918054,-2.67686,2,"Carfrae"
55.9550344,-3.1965114,2,"Royal College of Physicians of Edinburgh"
56.00005,-2.511141,2,"St Ninian's"
55.949428,-3.192704,2,"Edinburghe"
55.9524,-3.2091,2,"Glenfinlas Street"
55.953591,-3.109244,2,"Leven Lodge"
55.9706,-3.1717,2,"Great Junction Street"
55.9586,-3.1819,2,"Windsor Street"
55.8291455,-3.2763982,2,"Silverburn"
55.96006,-3.203199,2,"Henderson Row"
55.9455,-3.253,2,"Belmont Park"
55.9275,-3.2041,2,"Woodburn Terrace"
55.9379,-3.1811,2,"Causewayside"
55.9727,-3.1694,2,"Coatfield Lane"
55.9433407,-3.244256,2,"Murrayfield Ice Rink"
55.9747,-3.1742,2,"Sheriff Brae"
55.85802,-3.077091,2,"Glenesk"
55.9539,-3.1776,2,"Regent Road"
55.9392,-3.1768,2,"South Oxford Street"
55.9561,-3.2087,2,"Doune Terrace"
55.94826,-3.118556,2,"Burgh School"
55.9119,-3.2469,2,"Colinton Road"
56.05391,-2.640719,2,"Auldhame"
55.9561,-3.1732,2,"Carlton Terrace"
55.9637,-3.1918,2,"Claremont Crescent"
55.883005,-3.208168,2,"Hillend"
55.924991,-3.158966,2,"Inch House"
55.9637,-3.1791,2,"Spey Street"
55.9502104,-3.1207437,2,"Figgate Park"
55.9366,-3.2095,2,"Bruntsfield Avenue"
55.9759,-3.1823,2,"Madeira Street"
55.9402,-3.1935,2,"Melville Drive"
55.9407,-3.1818,2,"Hope Park Terrace"
55.9541,-3.1144,2,"Ramsay Place"
55.9361,-3.1786,2,"Upper Gray Street"
55.894897,-3.221379,2,"Swanston Cottage"
55.9425607,-3.1620707,2,"Nether Hill"
55.9437,-3.2059,2,"Ponton Street"
56.011396,-2.664057,2,"Newbyth"
55.9334,-3.2122,2,"Colinton Road"
56.05259,-2.640585,2,"Auldhame"
55.9015578,-3.1703873,2,"Mortonhall Crematorium"
55.930682,-3.001895,2,"Saint Clement's Wells"
55.846432,-3.253191,2,"Turnhouse Hill"
55.9507,-3.2082,2,"Hope Street"
55.950015,-3.184584,2,"Tweeddale House"
55.8113772,-3.0195169,2,"Middleton"
55.944413,-3.049195,2,"Montague House"
55.9376,-3.1947,2,"Marchmont Road"
55.94906,-3.19317,2,"Roman Eagle Hall"
55.9584981,-3.1902088,2,"The Phoenix"
55.9379,-3.1758,2,"Salisbury Road"
55.9421758,-3.2031848,2,"Cuckoo's Nest"
55.9686,-3.1649,2,"Burns Street"
55.949587,-3.205453,2,"St Cuthbert's Church"
55.9722644,-3.263006,2,"Martello Court"
55.900021,-3.244554,2,"Dreghorn Castle"
55.9714,-3.1874,2,"Newhaven Road"
55.9657,-3.1805,2,"Pilrig Street"
55.9407951,-3.2093321,2,"Castle Park"
55.973297,-2.654608,2,"Traprain"
55.95223,-3.176948,2,"Golfer's Land"
55.9698,-3.1849,2,"Ashley Place"
55.977335,-3.202646,2,"York Lodge"
55.9558,-3.2074,2,"Gloucester Square"
55.9374,-3.1977,2,"Spottiswoode Street"
55.9514,-3.1761,2,"Reid's Close"
55.9221,-3.1535,2,"Walter Scott Avenue"
55.880379,-3.070581,2,"Newbattle Abbey"
55.9042,-3.1308,2,"Limefield"
55.961353,-3.1616437,2,"Lochend Loch"
55.994752,-3.291174,2,"Cramond Island"
55.9509,-3.1788,1,"Bakehouse Close"
55.942949,-3.061676,1,"Mussleburgh"
55.955,-3.1946,1,"North St David Street"
55.852376,-3.069028,1,"Redheugh"
55.87955,-3.112327,1,"Gordon Bank"
55.9487,-3.2124,1,"Coates Crescent"
55.950427,-3.186566,1,"Morrison's Close"
55.947356,-3.197521,1,"The Black Bull Inn"
55.972276,-3.175698,1,"Mission Hall"
55.9313,-3.2256,1,"Polwarth Terrace"
55.910124,-3.252141,1,"Colinton House"
55.960291,-2.678782,1,"Traprain Law"
55.8266108,-3.2210159,1,"The Royal Hotel"
55.973222,-2.683287,1,"Hailes Castle"
55.9442,-3.2084,1,"Port Hamilton"
55.9495,-3.1265,1,"Hamilton Park"
55.9206,-3.1543,1,"Balderston Gardens"
55.8697455,-3.2400604,1,"Castlelaw Hill"
55.9814088,-3.2407715,1,"Caroline Park"
55.878325,-3.145395,1,"Academy Lane"
55.950331,-3.187204,1,"Kinloch's Close"
55.9454839,-3.2363963,1,"Roseburn"
55.957839,-3.212814,1,"The Raeburn"
55.997979,-2.505694,1,"Roxburghe Hotel"
55.9435016,-3.1802683,1,"The Auld Hoose"
55.9751,-3.172,1,"Sandport Place"
55.886964,-3.102242,1,"Melville Castle"
55.9453919,-3.2338736,1,"Roseburn Bar"
55.9535369,-3.2044244,1,"The Honours"
55.9132,-3.1464,1,"Gilmerton Road"
55.955612,-2.778702,1,"Court Street"
55.971272,-3.151618,1,"Seafield Baths"
55.9543,-3.2057,1,"Wemyss Place"
55.95112,-3.179381,1,"Bakehouse Close"
56.002428,-2.62829,1,"The Lochs"
55.9531,-3.2003,1,"George Street"
55.9773,-3.1752,1,"Commercial Street"
55.9719688,-3.1728376,1,"South Leith Parish Church"
55.951333,-3.179627,1,"Huntly House"
55.937952,-3.239815,1,"Whisky Bonds"
55.9788,-3.1905,1,"Hawthornvale"
56.005838,-2.517151,1,"Dunbar Castle"
55.9516,-3.1369,1,"Northfield Broadway"
55.948144,-3.190339,1,"Scott's Close"
55.967184,-2.953815,1,"Port Seton"
55.949183,-3.193478,1,"Fisher's Close"
55.834437,-3.458522,1,"Causewayend"
55.9516,-3.1096,1,"Portobello High Street"
55.991417,-3.604196,1,"Grange"
55.9130131,-3.0851504,1,"Millerhill"
55.9517029,-3.1626167,1,"St Margaret's Loch"
55.978731,-3.209677,1,"Trinity Lodge"
55.832364,-3.040907,1,"Harvieston House"
55.942211,-3.2027507,1,"Burlington Bertie"
55.956284,-3.146864,1,"Piershill Barracks"
55.9605801,-3.3116754,1,"Cammo"
55.9712,-3.2514,1,"Pennywell Road"
55.9739,-3.1688,1,"Queen Charlotte Street"
55.901025,-3.638419,1,"St John's Church"
55.947506,-3.1919756,1,"The Elephant House"
55.8952992,-3.3174933,1,"Currie"
55.9681,-3.283,1,"Garden Terrace"
55.89835,-2.92054,1,"Fountainhall"
55.9698245,-3.172196,1,"Spey Lounge"
55.9423,-3.2009,1,"Brougham Place"
55.9218,-3.1541,1,"Walter Scott Avenue"
55.9478,-3.2186,1,"Grosvenor Crescent"
55.9471,-3.183,1,"North Richmond Street"
55.9501,-3.2078,1,"Shandwick Place"
55.97774,-2.722868,1,"Beanston"
55.94512,-3.064185,1,"Forth Yacht Club"
55.9515,-3.1164,1,"Brighton Place"
55.9504,-3.1114,1,"Windsor Place"
56.015051,-2.662821,1,"Newbyth"
55.9454,-3.2275,1,"Stanhope Street"
55.823139,-3.289952,1,"Braidwood"
55.9636,-3.1587,1,"Hawkhill"
55.970744,-3.169547,1,"Leith Victoria Boxing Club"
55.9205,-3.1675,1,"Liberton Road"
55.9458,-3.2099,1,"Morrison Street"
55.9143,-3.1602,1,"Springwood Park"
55.862801,-2.770708,1,"Witches Knowe"
55.940733,-3.07993,1,"Newhailes"
55.945703,-2.381486,1,"Dunglass House"
55.894585,-3.218442,1,"Swanston Farm"
55.963513,-3.203787,1,"The Little House"
55.9515814,-3.2036294,1,"The Black Cat"
55.945446,-3.0390881,1,"Arden House"
55.949722,-2.995244,1,"Preston Grange"
55.941711,-3.203271,1,"Bennets Bar"
55.9523547,-3.1761031,1,"Canon's Gate"
55.95085,-3.18549,1,"Mission Hall"
55.9747,-3.1807,1,"Largo Place"
55.9328829,-3.1583611,1,"Cameron House"
55.948784,-3.195644,1,"Boswell's Court"
55.9160346,-3.0694367,1,"Newton House"
55.9294,-3.2035,1,"Canaan Lane"
55.941896,-2.794917,1,"Clerkington Mains"
55.9578461,-3.2064233,1,"Stockbridge Restaurant"
55.863111,-2.688079,1,"The Hopes"
55.952803,-3.004676,1,"Morrison's Haven"
55.873935,-3.079961,1,"Dalhousie Mains"
55.9095,-3.2509,1,"The Cedars"
55.9523547,-3.1761031,1,"Canon Gate"
55.936364,-3.172529,1,"Newington House"
55.9718,-3.1783,1,"Burlington Street"
55.9362567,-3.179789,1,"National Library of Scotland"
55.9164,-3.2086,1,"Braid Hills Road"
55.90609,-2.864259,1,"Saltoun Hall"
55.9444,-3.0691,1,"Edinburgh Road"
55.9497,-3.2166,1,"Chester Street"
55.9362,-3.1966,1,"Spottiswoode Road"
55.9726,-3.1828,1,"West Bowling Green Street"
55.9199,-3.2948,1,"Calder Park"
55.976428,-3.600771,1,"County Buildings"
55.9529618,-3.2047389,1,"Oxford Bar"
55.9498559,-3.207907,1,"Rutland Hotel"
56.046077,-2.780845,1,"Dirleton Castle"
55.898713,-3.702202,1,"The Goth"
55.9511583,-3.1887156,1,"Scotsman Hotel"
55.8597891,-3.2656503,1,"King's Hill"
55.9554,-3.2188,1,"Learmonth Terrace"
55.9767,-3.1742,1,"Dock Street"
55.9538,-3.1838,1,"Regent Road"
55.899093,-2.918574,1,"Fountainhall"
55.862379,-3.09132,1,"Dalhousie Castle"
55.954174,-3.213315,1,"Eton Terrace"
55.984023,-2.740647,1,"East Fortune Airfield"
55.8209279,-3.2509601,1,"Penicuik House"
55.89549,-3.067719,1,"Cross Keys Hotel"
56.033908,-2.834841,1,"The Lea"
55.9545583,-3.1845549,1,"Dugald Stewart Monument"
55.9127712,-3.2038639,1,"Buckstone Snab"
55.9515692,-3.2060599,1,"The Roxburghe"
55.94909,-3.185404,1,"Cardinal Beaton's House"
55.955739,-3.205059,1,"Kay's Bar"
55.947732,-3.186484,1,"Concert Room"
55.954928,-3.147737,1,"Portobello Road"
55.976749,-3.177757,1,"Couper Street"
55.9467,-3.22,1,"Grosvenor Gardens"
55.97922,-2.88948,1,"Gosford House"
55.884682,-3.069644,1,"Newbattle Abbey"
55.8660339,-3.2720954,1,"Bell's Hill"
55.9387,-3.2215,1,"Tay Street"
55.89102,-3.120793,1,"St Michael's Church"
55.944661,-3.081785,1,"Newhailes"
55.982864,-2.655058,1,"Scotscraig"
55.962,-3.1984,1,"Canon Street"
55.95,-3.1835,1,"Boyd's Entry"
55.9725,-3.1729,1,"Henderson Street"
55.9261,-3.2121,1,"Maxwell Street"
55.9574,-3.2128,1,"St Bernard's Crescent"
55.996022,-3.47432,1,"Kirktoun"
55.9461,-3.2066,1,"Chuckie Pend"
56.041279,-2.820972,1,"Muirfield Golf Course"
55.9463,-3.1172,1,"Park Avenue"
55.955635,-3.139365,1,"Piershill Cemetery"
55.963502,-2.94187,1,"Seton"
55.889281,-3.109471,1,"Melville Castle"
55.9382,-3.2127,1,"Montpelier Terrace"
55.9343,-3.2078,1,"Chamberlain Road"
55.9464428,-3.2144326,1,"Mad Hatter"
55.898668,-2.920019,1,"Fountainhall"
55.9431,-3.1862,1,"Windmill Lane"
56.045827,-2.706033,1,"Bonnington"
55.851787,-3.569731,1,"Commercial Inn"
55.9015077,-3.0608478,1,"The Stables"
55.908938,-2.619818,1,"White Castle"
55.874034,-3.121167,1,"Polton House"
56.045672,-2.782281,1,"Red House"
55.9145086,-3.195199,1,"The Braids"
55.9551,-3.1653,1,"Spring Gardens"
55.9349346,-3.1790559,1,"Old Bell"
55.843548,-3.0478409,1,"Gorebridge"
55.951975,-3.176892,1,"Nisbet of Dirleton's House"
55.909537,-3.250746,1,"Merchiston Castle School"
55.9188,-3.1362,1,"Old Dalkeith Road"
55.9513,-3.186,1,"Jeffrey Street"
55.89108,-3.109219,1,"Melville Castle"
55.889602,-3.4847707,1,"Calder House"
55.9430417,-3.1880819,1,"George Square Lecture Theatre"
55.947348,-3.189034,1,"Trades Maiden Hospital"
55.9682,-3.1703,1,"Gordon Street"
55.945133,-3.20152,1,"Church of the Sacred Heart"
55.9488373,-3.1866439,1,"Bannerman's Bar"
55.898174,-2.917705,1,"Fountainhall"
55.947589,-3.213516,1,"China Town"
55.832736,-3.24812,1,"Coates"
55.9986,-2.869562,1,"Gosford House"
55.9485,-3.186,1,"Robertson's Close"
55.977431,-3.184412,1,"Leith Fort"
55.9506712,-3.1905806,1,"Malt Shovel"
55.9460599,-3.2291804,1,"The Skerries"
55.9452,-3.0727,1,"Edinburgh Road"
55.950877,-3.177484,1,"The Tun"
55.9372,-3.0211,1,"Park Gardens"
55.934426,-3.090032,1,"Newcraighall"
56.005766,-2.589136,1,"Belhaven Bay"
55.9054,-3.2791,1,"Lanark Road"
55.950523,-3.185928,1,"Barringer's Close"
55.8507375,-3.2593799,1,"Turnhouse Hill"
55.94784,-3.1953147,1,"The Last Drop"
55.952389,-3.193253,1,"Walter Scott Monument"
55.952153,-2.970933,1,"Bankton House"
55.9546,-3.1268,1,"Fishwives' Causeway"
55.9407031,-3.2364298,1,"North British Distillery"
55.971939,-2.427744,1,"Skateraw"
55.903922,-3.395244,1,"Hatton House"
55.889252,-3.109614,1,"Melville Castle"
55.9751,-3.1787,1,"Great Junction Street"
55.974774,-2.894201,1,"Row of Cottages"
55.870554,-3.067961,1,"Abbey Inn"
55.935591,-3.231464,1,"Caledonian Brewery"
55.986292,-2.655837,1,"East Linton"
55.9462,-3.2155,1,"Morrison Street"
55.931863,-3.5030977,1,"Uphall"
55.862271,-3.086252,1,"Castle Park"
55.9433,-3.2181,1,"Caledonian Place"
55.9431,-3.1783,1,"St Leonard's Lane"
55.9321,-3.2095,1,"Church Hill Place"
55.962561,-3.1712001,1,"The Office"
55.954711,-3.21535,1,"Clarendon Crescent"
55.937382,-3.049693,1,"Inveresk House"
55.890385,-3.111597,1,"Melville Castle"
55.9588,-3.1695,1,"Rossie Place"
55.7782,-3.116596,1,"Gladhouse"
55.9346905,-3.3033029,1,"Gyle"
55.974196,-3.172247,1,"Tabernacle Church"
55.949853,-3.2092931,1,"The Grosvenor"
55.838141,-2.900897,1,"Blackshiels"
55.9640301,-3.2055016,1,"Rock Garden"
55.9384835,-3.1726114,1,"Royal Commonwealth Pool"
55.9701,-3.1877,1,"Stewartfield"
55.9602,-3.2074,1,"Saxe Coburg Street"
56.020061,-2.716503,1,"Brownrigg"
55.9339,-3.1669,1,"Dalkeith Road"
55.850898,-3.332723,1,"Bavelaw Castle"
55.971277,-3.20922,1,"Trinity Cottage"
55.948765,-3.181871,1,"St John's Hill"
55.958708,-3.194348,1,"Bellevue House"
55.985869,-2.654227,1,"Mill Wynd"
55.961776,-3.583041,1,"Cauldhame Farm"
55.9594409,-3.4588161,1,"Winchburgh"
55.935779,-3.044847,1,"The Manor House"
55.9493,-3.1214,1,"Hamilton Terrace"
55.954432,-3.113657,1,"Towerbank Primary School"
55.95513,-2.780934,1,"County Buildings"
55.9487619,-3.1925575,1,"Pizza Express"
55.95508,-3.218885,1,"Buckingham Terrace"
55.871707,-3.364041,1,"Cockburn House"
55.9631,-3.1914,1,"East Claremont Street"
56.011307,-2.658859,1,"Newbyth"
55.943877,-3.185549,1,"Buccleuch Parish Church"
55.974069,-3.176073,1,"Clifton Villa"
55.969,-3.1636,1,"Somerset Place"
56.0498,-2.624003,1,"Seacliff"
55.938011,-3.1929572,1,"The Earl of Marchmont"
55.951644,-3.180902,1,"Magdalene Asylum"
55.9391104,-3.1816846,1,"Drouthy Neebors"
55.867963,-3.21454,1,"Fulford"
55.9441,-3.2049,1,"Dunbar Street"
55.991695,-3.482973,1,"Midhope"
55.9542388,-3.1931767,1,"Melville's Monument"
55.910854,-3.32246,1,"Heriot-Watt University"
55.845015,-3.202533,1,"The Keep"
55.9443,-3.1824,1,"Howden Street"
55.884448,-3.180715,1,"Old Pentland"
55.952661,-3.195219,1,"Romanes and Paterson"
55.848978,-3.200659,1,"Fisher's Tryst"
55.9548805,-3.2658189,1,"Craigcrook Castle"
55.998715,-2.874776,1,"Gosford House"
55.9205,-3.1521,1,"Ravenswood Avenue"
55.899468,-2.67772,1,"Snawdon"
55.963227,-3.1710142,1,"Iona Bar"
55.844011,-3.140984,1,"Rosedale House"
55.957,-3.1896,1,"York Lane"
56.015931,-2.766698,1,"Muirton"
56.049912,-2.63733,1,"Seacliff"
55.909551,-3.252858,1,"Colinton House"
55.951831,-3.178297,1,"Brown's Court"
55.963956,-3.226293,1,"Fettes College"
55.937,-3.18,1,"Salisbury Place"
55.988037,-2.648669,1,"Phantassie"
55.9349,-3.172,1,"Mayfield Terrace"
55.9650706,-3.1794356,1,"Maple Leaf"
55.9637,-3.1757,1,"Iona Street"
55.9502271,-3.2173097,1,"Thistle Hotel"
55.903362,-2.745442,1,"The Wynd"
55.9394,-3.1775,1,"East Preston Street"
55.9589756,-3.1545086,1,"St Ninians"
55.9401,-3.1732,1,"Holyrood Park Road"
55.961,-3.1812,1,"Brunswick Street"
55.930155,-3.204209,1,"Harmony House"
56.024976,-2.780034,1,"Fenton Barns"
55.880246,-3.070354,1,"Newbattle Abbey"
55.949944,-3.190074,1,"Allan's Close"
55.945517,-2.416757,1,"Branxton"
55.9347,-3.1681,1,"Dalkeith Road"
55.960376,-3.179822,1,"Brunswick Street"
56.048818,-2.713954,1,"North Berwick Law"
55.95,-3.1939,1,"North Bank Street"
55.904739,-3.240035,1,"Dreghorn Castle"
55.9242,-3.1675,1,"Gordon Terrace"
55.8971,-3.25871,1,"Bonaly Tower"
55.9534675,-3.1826565,1,"St Andrew's House"
55.9337,-3.1801,1,"Findhorn Place"
55.954867,-3.147559,1,"Portobello Road"
55.9392,-3.2132,1,"Gilmore Place"
55.9527,-3.1809,1,"Calton Road"
55.9545,-3.1715,1,"Croft-An-Righ"
55.950489,-3.217972,1,"Rothesay Terrace"
55.955082,-3.18831,1,"Little King Street"
55.9577,-3.2174,1,"Comely Bank Avenue"
55.9665,-3.2143,1,"Inverleith Place"
55.911338,-3.111653,1,"The Drum"
55.900971,-3.009125,1,"Cousland"
55.9626,-3.1995,1,"Huntly Street"
55.9821718,-3.1772451,1,"Royal Yacht Britannia"
55.9435,-3.2038,1,"Home Street"
55.9495501,-3.1929479,1,"Deacon Brodie's Tavern"
55.9906172,-3.4649891,1,"The Gullets"
55.895454,-3.068821,1,"East Kirk"
55.950823,-3.182158,1,"Weir's Close"
55.915639,-3.224703,1,"City Hospital"
55.9355,-3.2075,1,"Forbes Road"
55.9378284,-3.1769888,1,"The Salisbury"
55.942286,-3.281166,1,"Kirk Loan"
55.949843,-3.191192,1,"Roxburgh's Close"
55.881295,-3.070622,1,"Newbattle Abbey"
55.9582,-3.1709,1,"Maryfield"
55.9355,-3.1715,1,"Alfred Place"
55.9286,-3.2073,1,"Falcon Court"
55.941049,-3.20371,1,"The Blackbird"
55.9248,-3.2351,1,"Colinton Road"
55.9342,-3.1974,1,"Strathearn Road"
55.9457745,-3.025594,1,"Levenhall"
55.9626,-3.1994,1,"Huntly Street"
55.9229,-3.2165,1,"Morningside Drive"
55.9782,-3.1952,1,"South Park"
55.869407,-3.686631,1,"Almond Bank"
55.9344,-3.1714,1,"East Mayfield"
56.050286,-2.651625,1,"Auldhame"
55.9588126,-3.3282508,1,"High Park"
55.948563,-3.184107,1,"Royal High School of Edinburgh"
55.9446,-3.187,1,"Crichton Street"
55.916082,-3.046077,1,"Home Farm"
56.03718,-2.822522,1,"Marine Hotel"
55.913093,-3.245581,1,"Merchiston Castle School"
55.9408,-3.2374,1,"West Approach Road"
55.979355,-3.214696,1,"White Cottage"
55.944191,-3.064624,1,"Spring Bank"
55.930686,-2.653777,1,"Garvald"
55.895338,-3.307924,1,"School House"
55.9499,-3.1921,1,"St Giles' Street"
55.926645,-2.702199,1,"Bara"
55.892308,-2.922283,1,"Templehall"
55.8947272,-3.4630602,1,"East Calder"
55.9495,-3.1246,1,"Hamilton Drive"
55.992928,-2.706928,1,"Houston"
55.986965,-2.647514,1,"Phantassie"
55.9639,-3.2737,1,"Quality Street"
55.916651,-2.886494,1,"Pencaitland"
55.9753,-3.1669,1,"Bernard Street"
55.947836,-3.188729,1,"Gaelic Chapel"
55.941138,-3.084969,1,"Brunstane"
55.990579,-2.570631,1,"Beltonford"
55.963909,-3.2847,1,"Royal High School"
55.942591,-3.175311,1,"Jeanie Dean's Cottage"
55.9801,-3.1915,1,"Annfield"
55.815628,-3.607137,1,"Todholes"
55.914251,-3.058459,1,"Castle Steads"
55.965511,-2.413271,1,"Torness"
55.928636,-3.209748,1,"Morningside House"
55.898259,-2.920729,1,"Fountainhall"
55.898386,-2.920477,1,"Fountainhall"
55.9531,-3.1926,1,"Meuse Lane"
55.9457951,-3.2413268,1,"Kingsburgh House"
55.954074,-2.787415,1,"Rosehall"
55.9506,-3.2228,1,"Bell's Mills"
55.9614,-3.1989,1,"Eyre Crescent"
55.948248,-3.211961,1,"Atholl Crescent"
55.9748068,-3.1719428,1,"The Raj"
55.9479,-3.1918,1,"George Iv Bridge"
55.9519091,-3.2029223,1,"Golden Dragon"
55.920625,-3.540907,1,"Dechmont"
55.94813,-3.189955,1,"Tailor's Hall"
55.943752,-3.050826,1,"Red House"
55.9570229,-3.1641712,1,"Holyrood Abbey Church"
55.9418558,-3.3195986,1,"Maybury"
55.955292,-3.166374,1,"Spring Gardens"
55.957203,-3.207756,1,"Duncan's Land"
55.9352622,-3.1753675,1,"Minto Hotel"
55.952983,-3.204677,1,"Oxford Bar"
55.821451,-3.3043823,1,"Braid Law"
55.945486,-3.492254,1,"Newbigging"
55.932253,-3.179608,1,"Royal Blind Asylum and School"
55.901948,-2.68416,1,"Black Wood"
55.9478,-3.1914,1,"Merchant Street"
55.949196,-3.193094,1,"Robert Gourlay's House"
55.8508109,-3.2048318,1,"Glencorse Kirk"
55.938243,-3.1924711,1,"Sweet Melindas"
55.980143,-2.66639,1,"East Linton"
55.8610314,-3.1419795,1,"Hawthornden Castle"
55.9396,-2.978927,1,"Birsley Brae"
55.9333493,-3.2349297,1,"The Shandon"
55.973017,-3.163847,1,"Abbot's House"
55.938312,-3.208993,1,"Boroughmuir High School"
55.942,-3.2688,1,"Corstorphine Road"
56.0352,-2.831114,1,"Golf Hotel"
55.9529,-3.2106,1,"Great Stuart Street"
55.954065,-2.798545,1,"St Laurence"
55.9456,-3.1901,1,"Teviot Place"
55.9503667,-3.1916879,1,"Devil's Advocate"
55.9742,-3.1872,1,"Ferry Road"
55.964098,-3.317868,1,"Cramond Bridge"
55.9435016,-3.1802683,1,"Auld Hoose"
55.945334,-3.202102,1,"High Riggs"
55.979617,-3.19347,1,"Willow Bank"
55.9571,-3.2344,1,"Craigleith Road"
55.9523,-3.2321,1,"Ravelston Dykes"
55.9541,-3.1873,1,"Calton Road"
55.9568,-3.1305,1,"Portobello Road"
55.9567567,-3.1931081,1,"The Magnum"
55.912948,-3.303013,1,"Baberton Mains"
55.9606004,-3.13527,1,"St Christopher's"
55.892495,-3.063911,1,"The Unicorn"
55.9555,-3.2168,1,"Dean Park Crescent"
55.953,-3.1936,1,"South St David Street"
55.965208,-2.934959,1,"Seton House"
55.87975,-2.982264,1,"Oxenfoord Castle"
55.9455,-3.0441,1,"Millhill"
55.9581,-3.2049,1,"Circus Lane"
55.9705,-3.17,1,"Academy Street"
55.953464,-2.770139,1,"Knox House"
55.941681,-3.184986,1,"Archers' Hall"
55.938445,-3.188873,1,"Royal Hospital for Sick Children"
55.9363,-3.1848,1,"Grange Road"
55.9425967,-3.1477799,1,"The Tennis Court"
55.820626,-2.943202,1,"Blackcastle"
55.956542,-3.239913,1,"Ramsay House"
55.916961,-2.988629,1,"Elphinstone Tower"
55.9498,-3.2114,1,"Stafford Street"
55.979342,-2.881245,1,"Harelaw"
55.9282,-3.1935,1,"Oswald Road"
55.8361949,-3.2922154,1,"Scald Law"
55.9431,-3.2046,1,"Thornybauk"
55.986696,-2.745891,1,"Rowan Cottage"
55.947276,-3.187591,1,"Collegiate Church of St Mary in the Fields"
55.9332,-3.2049,1,"Strathearn Place"
55.941137,-3.181799,1,"The Queen's Hall"
55.9529277,-3.2049305,1,"Fountain Court"
55.952611,-3.201319,1,"Northern Lighthouse Board"
55.9474941,-3.1967558,1,"The White Hart"
55.9473,-3.1842,1,"Roxburgh Place"
55.94144,-3.20243,1,"Agricultural Hall"
55.98749,-3.385685,1,"Ashburnham"
55.931032,-3.194456,1,"Astley Ainslie Hospital"
55.981179,-3.330502,1,"Home Farm"
55.911655,-3.323128,1,"Heriot-Watt University"
55.892696,-3.0718,1,"Buccleuch Street"
56.007433,-2.780738,1,"Drem"
55.936,-3.2018,1,"Whitehouse Loan"
55.957527,-3.212187,1,"St Bernard's Crescent"
55.9552,-3.2382,1,"Queensferry Road"
55.96307,-3.207778,1,"Inverleith Terrace"
55.9515,-3.1853,1,"East Market Street"
56.04551,-2.619599,1,"Scoughall"
55.962048,-2.920257,1,"St Germains"
55.9511,-3.1841,1,"Cranston Street"
55.956929,-2.774964,1,"Bothwell Bank"
55.975702,-2.5624,1,"Belton"
56.056149,-2.727979,1,"The Nungate"
55.946896,-3.18934,1,"Royal Museum of Scotland"
55.9356,-3.2157,1,"East Castle Road"
56.023782,-2.803754,1,"West Fenton"
55.9361,-3.2091,1,"Bruntsfield Place"
55.9189,-3.1531,1,"Redgauntlet Terrace"
55.94867,-3.200924,1,"Caftell of Edinburgh"
55.957,-3.2078,1,"Gloucester Street"
55.9395,-3.1908,1,"Fingal Place"
56.007614,-2.709217,1,"East Fortune"
55.881464,-3.070819,1,"Newbattle Abbey"
55.9452,-3.0393,1,"Beulah"
55.945,-3.2267,1,"Stanhope Place"
55.9337,-3.2204,1,"Ettrick Road"
55.890998,-3.104324,1,"Melville Castle"